gene,allele1,allele2,drug,act_sum,metabolizer
CYP2C19,*1,*1,lacosamide,2.0,normal
CYP2C19,*1,*17,voriconazole,2.5,ultrarapid
CYP2C19,*1,*2,lacosamide,1.0,intermediate
CYP2C19,*1,*3,lacosamide,1.0,intermediate
CYP2C19,*1,*4,prasugrel,1.0,poor
CYP2C19,*1,*8,prasugrel,1.0,poor
CYP2C19,*17,*17,voriconazole,3.0,ultrarapid
CYP2C19,*2,*17,sertraline,1.5,intermediate
CYP2C19,*2,*2,lacosamide,0.0,poor
CYP2C19,*2,*3,lacosamide,0.0,poor
CYP2C19,*2,*4,prasugrel,0.0,poor
CYP2C19,*2,*5,prasugrel,0.0,poor
CYP2C19,*2,*7,mephenytoin,0.0,poor
CYP2C19,*2,*8,prasugrel,0.0,poor
CYP2C19,*3,*17,norclobazam,1.5,normal
CYP2C19,*3,*3,lacosamide,0.0,poor
CYP2D6,*1,*1,tamoxifen,2.0,normal
CYP2D6,*1,*10,tamoxifen,1.5,normal
CYP2D6,*1,*17,4-hydroxytamoxifen,1.5,normal
CYP2D6,*1,*1xn,tramadol,3.0,ultrarapid
CYP2D6,*1,*2,endoxifen,2.0,normal
CYP2D6,*1,*21,aripiprazole,1.0,normal
CYP2D6,*1,*29,primaquine,1.5,normal
CYP2D6,*1,*2xn,imipramine,3.0,ultrarapid
CYP2D6,*1,*3,risperidone,1.0,normal
CYP2D6,*1,*35,"""n,o-didesmethyltramadol"", ""o-desmethyltramadol""",2.0,intermediate
CYP2D6,*1,*36,tamoxifen,1.5,normal
CYP2D6,*1,*39,olanzapine,2.0,normal
CYP2D6,*1,*4,tramadol,1.0,intermediate
CYP2D6,*1,*41,tramadol,1.5,normal
CYP2D6,*1,*5,risperidone,1.0,intermediate
CYP2D6,*1,*6,risperidone,1.0,normal
CYP2D6,*1,*9,risperidone,1.5,normal
CYP2D6,*10,*10,tamoxifen,1.0,intermediate
CYP2D6,*10,*14,paroxetine,0.5,intermediate
CYP2D6,*10,*17,4-hydroxytamoxifen,1.0,intermediate
CYP2D6,*10,*18,methamphetamine,0.5,intermediate
CYP2D6,*10,*21,aripiprazole,0.5,intermediate
CYP2D6,*10,*36,tamoxifen,1.0,intermediate
CYP2D6,*10,*39,olanzapine,1.5,normal
CYP2D6,*10,*4,fluoxetine,0.5,intermediate
CYP2D6,*10,*41,risperidone,1.0,intermediate
CYP2D6,*17,*17,endoxifen,1.0,poor
CYP2D6,*17,*29,endoxifen,1.0,poor
CYP2D6,*17,*41,oxymorphone,1.0,intermediate
CYP2D6,*18,*21,debrisoquine,0.0,poor
CYP2D6,*1xn,*1,codeine,3.0,ultrarapid
CYP2D6,*1xn,*10,codeine,2.5,ultrarapid
CYP2D6,*1xn,*1xn,donepezil,4.0,ultrarapid
CYP2D6,*1xn,*41,codeine,2.5,ultrarapid
CYP2D6,*2,*10,tamoxifen,1.5,normal
CYP2D6,*2,*14,paroxetine,1.0,normal
CYP2D6,*2,*17,"n,n-didesmethyltramadol",1.5,normal
CYP2D6,*2,*2,endoxifen,2.0,normal
CYP2D6,*2,*29,primaquine,1.5,normal
CYP2D6,*2,*2xn,methadone,3.0,ultrarapid
CYP2D6,*2,*35,"""n,o-didesmethyltramadol"", ""o-desmethyltramadol""",2.0,intermediate
CYP2D6,*2,*36,tamoxifen,1.5,normal
CYP2D6,*2,*39,olanzapine,2.0,normal
CYP2D6,*2,*4,gefitinib,1.0,normal
CYP2D6,*2,*41,gefitinib,1.5,normal
CYP2D6,*2,*5,gefitinib,1.0,normal
CYP2D6,*2,*59,dextromethorphan,1.5,normal
CYP2D6,*2,*9,oxymorphone,1.5,normal
CYP2D6,*29,*45,"n,n-didesmethyltramadol",0.5,normal
CYP2D6,*2xn,*41,codeine,2.5,ultrarapid
CYP2D6,*3,*3,trimipramine,0.0,poor
CYP2D6,*3,*4,o-desmethyltramadol,0.0,poor
CYP2D6,*3,*41,risperidone,0.5,normal
CYP2D6,*3,*4xn,dextromethorphan,0.0,poor
CYP2D6,*3,*5,gefitinib,0.0,poor
CYP2D6,*3,*6,"clozapine, n-desmethylclozapine",0.0,intermediate
CYP2D6,*39,*39,olanzapine,2.0,normal
CYP2D6,*4,*10,risperidone,0.5,intermediate
CYP2D6,*4,*11,sparteine,0.0,poor
CYP2D6,*4,*12,sparteine,0.0,poor
CYP2D6,*4,*15,"debrisoquine, dextromethorphan",0.0,poor
CYP2D6,*4,*3,risperidone,0.0,poor
CYP2D6,*4,*35,"""n,o-didesmethyltramadol"", ""o-desmethyltramadol""",1.0,intermediate
CYP2D6,*4,*36,dextromethorphan,0.5,poor
CYP2D6,*4,*38,debrisoquine,0.0,poor
CYP2D6,*4,*4,o-desmethyltramadol,0.0,poor
CYP2D6,*4,*40,dextromethorphan,0.0,poor
CYP2D6,*4,*41,risperidone,0.5,intermediate
CYP2D6,*4,*4xn,dextromethorphan,0.0,poor
CYP2D6,*4,*5,dextromethorphan,0.0,poor
CYP2D6,*4,*59,dextromethorphan,0.5,intermediate
CYP2D6,*4,*6,risperidone,0.0,poor
CYP2D6,*4,*9,risperidone,0.5,normal
CYP2D6,*40,*42,dextromethorphan,0.0,poor
CYP2D6,*41,*41,risperidone,1.0,normal
CYP2D6,*5,*10,risperidone,0.5,intermediate
CYP2D6,*5,*13,dextromethorphan,0.0,poor
CYP2D6,*5,*14,methamphetamine,0.0,intermediate
CYP2D6,*5,*18,sparteine,0.0,poor
CYP2D6,*5,*41,risperidone,0.5,normal
CYP2D6,*5,*5,dextromethorphan,0.0,poor
CYP2D6,*5,*6,"clozapine, n-desmethylclozapine",0.0,intermediate
CYP2D6,*5,*7,sparteine,0.0,poor
CYP2D6,*5,*8,"debrisoquine, sparteine",0.0,poor
CYP2D6,*5,*9,risperidone,0.5,normal
CYP2D6,*6,*40,dextromethorphan,0.0,poor
CYP2D6,*6,*6,risperidone,0.0,poor
CYP2D6,*6,*9,risperidone,0.5,normal
CYP2D6,*9,*41,risperidone,1.0,normal
CYP2D6,*9,*9,primaquine,1.0,intermediate
